"vars","n","mean","sd","median","trimmed","mad","min","max","range","skew","kurtosis","se"
1,500,NA,NA,NA,NA,NA,Inf,-Inf,-Inf,NA,NA,NA
2,500,199999.543390256,19.8731664193305,199999.88091972,199999.710953511,18.6010036167618,199933.533300707,200058.520505166,124.987204459001,-0.103394883449628,0.513852454752563,0.888755020835783
3,500,35000.1722613089,4.84368380446589,35000.1170743364,35000.1871130946,4.98583500878321,34988.4599469994,35013.9360336786,25.4760866791985,-0.00708928412479298,-0.249223179122061,0.21661612496601
4,500,19999.60875231,4.95915830190822,19999.6381560852,19999.6554708982,4.31790145503626,19985.0003053417,20020.2929465611,35.2926412194029,0.0175788160678491,0.80424958820693,0.221780301484984
5,500,39999.845266095,4.73896779010462,39999.845266095,39999.9253351316,4.1260671356119,39985.3606581829,40014.2316800541,28.8710218712004,-0.112922830688513,0.271239185409698,0.211933082437118
